{
    "data": {
        "inputMin": [
            211.99598693847656,
            90.63414764404297,
            223.815673828125,
            69.79332733154297,
            187.937744140625,
            69.82575988769531,
            246.91668701171875,
            70.32334899902344,
            162.9949493408203,
            77.52735137939453,
            298.7198791503906,
            172.82032775878906,
            158.95750427246094,
            189.13404846191406,
            381.20599365234375,
            131.12451171875,
            57.88624572753906,
            149.0584716796875,
            275.02069091796875,
            37.41620635986328,
            39.94992446899414,
            52.7620735168457,
            346.32171630859375,
            412.6686706542969,
            181.5921630859375,
            420.9018249511719,
            358.2678527832031,
            493.9712829589844,
            179.1477813720703,
            435.6411437988281,
            354.5521240234375,
            549.179443359375,
            177.8107147216797,
            540.822998046875
        ],
        "inputMax": [
            407.75421142578125,
            169.80287170410156,
            427.6323547363281,
            151.8560791015625,
            389.8031311035156,
            156.11306762695312,
            440.2226867675781,
            158.7833251953125,
            366.0663146972656,
            167.3505859375,
            459.5191955566406,
            224.64157104492188,
            305.15240478515625,
            253.0941925048828,
            585.3641967773438,
            354.7901306152344,
            259.5278015136719,
            388.5162658691406,
            598.170166015625,
            489.9646911621094,
            351.5515441894531,
            493.4530029296875,
            413.5997314453125,
            478.5877990722656,
            285.6130065917969,
            549.6055297851562,
            495.5233154296875,
            567.0736083984375,
            280.8123779296875,
            577.2749633789062,
            474.8482971191406,
            561.1655883789062,
            280.4352722167969,
            561.3742065429688
        ],
        "outputMin": 0,
        "outputMax": 1
    },
    "meta": {
        "inputUnits": 34,
        "outputUnits": 3,
        "inputs": {
            "input0": {
                "dtype": "number"
            },
            "input1": {
                "dtype": "number"
            },
            "input2": {
                "dtype": "number"
            },
            "input3": {
                "dtype": "number"
            },
            "input4": {
                "dtype": "number"
            },
            "input5": {
                "dtype": "number"
            },
            "input6": {
                "dtype": "number"
            },
            "input7": {
                "dtype": "number"
            },
            "input8": {
                "dtype": "number"
            },
            "input9": {
                "dtype": "number"
            },
            "input10": {
                "dtype": "number"
            },
            "input11": {
                "dtype": "number"
            },
            "input12": {
                "dtype": "number"
            },
            "input13": {
                "dtype": "number"
            },
            "input14": {
                "dtype": "number"
            },
            "input15": {
                "dtype": "number"
            },
            "input16": {
                "dtype": "number"
            },
            "input17": {
                "dtype": "number"
            },
            "input18": {
                "dtype": "number"
            },
            "input19": {
                "dtype": "number"
            },
            "input20": {
                "dtype": "number"
            },
            "input21": {
                "dtype": "number"
            },
            "input22": {
                "dtype": "number"
            },
            "input23": {
                "dtype": "number"
            },
            "input24": {
                "dtype": "number"
            },
            "input25": {
                "dtype": "number"
            },
            "input26": {
                "dtype": "number"
            },
            "input27": {
                "dtype": "number"
            },
            "input28": {
                "dtype": "number"
            },
            "input29": {
                "dtype": "number"
            },
            "input30": {
                "dtype": "number"
            },
            "input31": {
                "dtype": "number"
            },
            "input32": {
                "dtype": "number"
            },
            "input33": {
                "dtype": "number"
            }
        },
        "outputs": {
            "output0": {
                "dtype": "string",
                "uniqueValues": [
                    "y",
                    "u",
                    "o"
                ],
                "legend": {
                    "y": [
                        1,
                        0,
                        0
                    ],
                    "u": [
                        0,
                        1,
                        0
                    ],
                    "o": [
                        0,
                        0,
                        1
                    ]
                }
            }
        },
        "isNormalized": true
    }
}